{
    "first_dataset": {
        "tiny": {
            "0": 3.09375,
            "1": 33.0,
            "2": 1.546875
        },
        "default": {
            "0": 3.111203472799483,
            "1": 27.977574750830566,
            "2": 1.5556017363997414
        },
        "large": null,
        "default1": {
            "0": 3.111203472799483,
            "1": 27.977574750830566,
            "2": 1.5556017363997414
        },
        "default2": {
            "0": 3.1129005616121574,
            "1": 27.57205559619605,
            "2": 1.5564502808060787
        },
        "default3": {
            "0": 3.1740912817709757,
            "1": 18.232339089481947,
            "2": 1.5870456408854878
        },
        "full_train1": {
            "0": 3.1206287132435886,
            "1": 25.869700748129677,
            "2": 1.5603143566217943
        },
        "big1": {
            "0": 3.0996621621621623,
            "1": 31.10169491525424,
            "2": 1.5498310810810811
        },
        "big2": {
            "0": 3.097824206994362,
            "1": 31.667256011315416,
            "2": 1.548912103497181
        },
        "big3": {
            "0": 3.0903130241095913,
            "1": 34.21780030706992,
            "2": 1.5451565120547957
        },
        "full_train2": {
            "0": 3.0957558489545933,
            "1": 32.329678894315705,
            "2": 1.5478779244772967
        }
    },
    "expert_policy": {
        "default1": {
            "0": 1.0370678242664944,
            "1": 27.977574750830566
        },
        "big1": {
            "0": 1.0332207207207207,
            "1": 31.10169491525424
        },
        "full_train2": {
            "0": 1.031908859315085,
            "1": 32.339258797234784
        }
    }
}