{
    "train/loss": 0.8861695059753962,
    "train/acc": 0.5403023918236457,
    "train/precision_macro": 0.5235937789652573,
    "train/recall_macro": 0.552343131289442,
    "train/f1_macro": 0.4441985262887236,
    "train/f1_macro_02": 0.6146736621865212,
    "train/f1_weighted": 0.6260024729748161,
    "train/f1_cls0": 0.5306304558363276,
    "train/f1_cls1": 0.10324825449312824,
    "train/f1_cls2": 0.6987168685367149
}