{
    "train/loss": 1.135212489539499,
    "train/acc": 0.4534228044092632,
    "train/precision_macro": 0.5223000309777179,
    "train/recall_macro": 0.6820883236609518,
    "train/f1_macro": 0.35166909441832983,
    "train/f1_weighted": 0.5926310024526923,
    "train/f1_cls0": 0.6085154978284544,
    "train/f1_cls1": 0.09482269100820533
}